sample_id,filename,filetype,path,total_reads,total_bp,total_gbp,n50
HG00097,HG00097_r10-hifiasm-correct.ec.ont.fq.gz,fq.gz,s3://human-pangenomics/submissions/28c7b12d-1f66-43dd-ac7e-f7d9893d1b7d--R3_ONT_hifiasm_hybrid_corrected/HG00097_r10-hifiasm-correct.ec.ont.fq.gz,2813336,176743976400,176.744,94612
HG00099,HG00099_r10-hifiasm-correct.ec.ont.fq.gz,fq.gz,s3://human-pangenomics/submissions/28c7b12d-1f66-43dd-ac7e-f7d9893d1b7d--R3_ONT_hifiasm_hybrid_corrected/HG00099_r10-hifiasm-correct.ec.ont.fq.gz,2395810,169101198834,169.101,109376
HG00106,HG00106_r10-hifiasm-correct.ec.ont.fq.gz,fq.gz,s3://human-pangenomics/submissions/28c7b12d-1f66-43dd-ac7e-f7d9893d1b7d--R3_ONT_hifiasm_hybrid_corrected/HG00106_r10-hifiasm-correct.ec.ont.fq.gz,2994176,197109985183,197.11,94800
HG00116,HG00116_r10-hifiasm-correct.ec.ont.fq.gz,fq.gz,s3://human-pangenomics/submissions/28c7b12d-1f66-43dd-ac7e-f7d9893d1b7d--R3_ONT_hifiasm_hybrid_corrected/HG00116_r10-hifiasm-correct.ec.ont.fq.gz,2952120,191801616673,191.802,102983
HG00117,HG00117_r10-hifiasm-correct.ec.ont.fq.gz,fq.gz,s3://human-pangenomics/submissions/28c7b12d-1f66-43dd-ac7e-f7d9893d1b7d--R3_ONT_hifiasm_hybrid_corrected/HG00117_r10-hifiasm-correct.ec.ont.fq.gz,3189276,217413682239,217.414,98913
HG00119,HG00119_r10-hifiasm-correct.ec.ont.fq.gz,fq.gz,s3://human-pangenomics/submissions/28c7b12d-1f66-43dd-ac7e-f7d9893d1b7d--R3_ONT_hifiasm_hybrid_corrected/HG00119_r10-hifiasm-correct.ec.ont.fq.gz,3970447,218979961319,218.98,79404
HG00120,HG00120_r10-hifiasm-correct.ec.ont.fq.gz,fq.gz,s3://human-pangenomics/submissions/28c7b12d-1f66-43dd-ac7e-f7d9893d1b7d--R3_ONT_hifiasm_hybrid_corrected/HG00120_r10-hifiasm-correct.ec.ont.fq.gz,2588103,190034762607,190.035,115705
HG00126,HG00126_r10-hifiasm-correct.ec.ont.fq.gz,fq.gz,s3://human-pangenomics/submissions/28c7b12d-1f66-43dd-ac7e-f7d9893d1b7d--R3_ONT_hifiasm_hybrid_corrected/HG00126_r10-hifiasm-correct.ec.ont.fq.gz,2928117,226962018948,226.962,109922
HG00128,HG00128_r10-hifiasm-correct.ec.ont.fq.gz,fq.gz,s3://human-pangenomics/submissions/28c7b12d-1f66-43dd-ac7e-f7d9893d1b7d--R3_ONT_hifiasm_hybrid_corrected/HG00128_r10-hifiasm-correct.ec.ont.fq.gz,2920753,184634985288,184.635,97903
HG00133,HG00133_r10-hifiasm-correct.ec.ont.fq.gz,fq.gz,s3://human-pangenomics/submissions/28c7b12d-1f66-43dd-ac7e-f7d9893d1b7d--R3_ONT_hifiasm_hybrid_corrected/HG00133_r10-hifiasm-correct.ec.ont.fq.gz,2754255,210001023010,210.001,108753
HG00140,HG00140_r10-hifiasm-correct.ec.ont.fq.gz,fq.gz,s3://human-pangenomics/submissions/28c7b12d-1f66-43dd-ac7e-f7d9893d1b7d--R3_ONT_hifiasm_hybrid_corrected/HG00140_r10-hifiasm-correct.ec.ont.fq.gz,2305781,157448979166,157.449,103476
HG00146,HG00146_r10-hifiasm-correct.ec.ont.fq.gz,fq.gz,s3://human-pangenomics/submissions/28c7b12d-1f66-43dd-ac7e-f7d9893d1b7d--R3_ONT_hifiasm_hybrid_corrected/HG00146_r10-hifiasm-correct.ec.ont.fq.gz,3420525,237900638025,237.901,106198
HG00150,HG00150_r10-hifiasm-correct.ec.ont.fq.gz,fq.gz,s3://human-pangenomics/submissions/28c7b12d-1f66-43dd-ac7e-f7d9893d1b7d--R3_ONT_hifiasm_hybrid_corrected/HG00150_r10-hifiasm-correct.ec.ont.fq.gz,2588599,178722465000,178.722,107767
HG00232,HG00232_r10-hifiasm-correct.ec.ont.fq.gz,fq.gz,s3://human-pangenomics/submissions/28c7b12d-1f66-43dd-ac7e-f7d9893d1b7d--R3_ONT_hifiasm_hybrid_corrected/HG00232_r10-hifiasm-correct.ec.ont.fq.gz,1298466,62620339794,62.62,69620
HG00234,HG00234_r10-hifiasm-correct.ec.ont.fq.gz,fq.gz,s3://human-pangenomics/submissions/28c7b12d-1f66-43dd-ac7e-f7d9893d1b7d--R3_ONT_hifiasm_hybrid_corrected/HG00234_r10-hifiasm-correct.ec.ont.fq.gz,2623378,178418465929,178.418,108505
HG00235,HG00235_r10-hifiasm-correct.ec.ont.fq.gz,fq.gz,s3://human-pangenomics/submissions/28c7b12d-1f66-43dd-ac7e-f7d9893d1b7d--R3_ONT_hifiasm_hybrid_corrected/HG00235_r10-hifiasm-correct.ec.ont.fq.gz,4825080,283630029000,283.63,86203
HG00236,HG00236_r10-hifiasm-correct.ec.ont.fq.gz,fq.gz,s3://human-pangenomics/submissions/28c7b12d-1f66-43dd-ac7e-f7d9893d1b7d--R3_ONT_hifiasm_hybrid_corrected/HG00236_r10-hifiasm-correct.ec.ont.fq.gz,2858631,177834375495,177.834,97316
HG00243,HG00243_r10-hifiasm-correct.ec.ont.fq.gz,fq.gz,s3://human-pangenomics/submissions/28c7b12d-1f66-43dd-ac7e-f7d9893d1b7d--R3_ONT_hifiasm_hybrid_corrected/HG00243_r10-hifiasm-correct.ec.ont.fq.gz,3896489,227802582776,227.803,87147
HG00245,HG00245_r10-hifiasm-correct.ec.ont.fq.gz,fq.gz,s3://human-pangenomics/submissions/28c7b12d-1f66-43dd-ac7e-f7d9893d1b7d--R3_ONT_hifiasm_hybrid_corrected/HG00245_r10-hifiasm-correct.ec.ont.fq.gz,3070010,249756293914,249.756,126171
HG00253,HG00253_r10-hifiasm-correct.ec.ont.fq.gz,fq.gz,s3://human-pangenomics/submissions/28c7b12d-1f66-43dd-ac7e-f7d9893d1b7d--R3_ONT_hifiasm_hybrid_corrected/HG00253_r10-hifiasm-correct.ec.ont.fq.gz,4163125,247581377005,247.581,88517
HG00254,HG00254_r10-hifiasm-correct.ec.ont.fq.gz,fq.gz,s3://human-pangenomics/submissions/28c7b12d-1f66-43dd-ac7e-f7d9893d1b7d--R3_ONT_hifiasm_hybrid_corrected/HG00254_r10-hifiasm-correct.ec.ont.fq.gz,2650968,189496584893,189.497,109687
HG00258,HG00258_r10-hifiasm-correct.ec.ont.fq.gz,fq.gz,s3://human-pangenomics/submissions/28c7b12d-1f66-43dd-ac7e-f7d9893d1b7d--R3_ONT_hifiasm_hybrid_corrected/HG00258_r10-hifiasm-correct.ec.ont.fq.gz,3732150,215048238734,215.048,84552
HG00272,HG00272_r10-hifiasm-correct.ec.ont.fq.gz,fq.gz,s3://human-pangenomics/submissions/28c7b12d-1f66-43dd-ac7e-f7d9893d1b7d--R3_ONT_hifiasm_hybrid_corrected/HG00272_r10-hifiasm-correct.ec.ont.fq.gz,3733732,212498139737,212.498,84504
HG00280,HG00280_r10-hifiasm-correct.ec.ont.fq.gz,fq.gz,s3://human-pangenomics/submissions/28c7b12d-1f66-43dd-ac7e-f7d9893d1b7d--R3_ONT_hifiasm_hybrid_corrected/HG00280_r10-hifiasm-correct.ec.ont.fq.gz,3045540,224517881598,224.518,114012
HG00290,HG00290_r10-hifiasm-correct.ec.ont.fq.gz,fq.gz,s3://human-pangenomics/submissions/28c7b12d-1f66-43dd-ac7e-f7d9893d1b7d--R3_ONT_hifiasm_hybrid_corrected/HG00290_r10-hifiasm-correct.ec.ont.fq.gz,5260492,293624354030,293.624,82134
HG00320,HG00320_r10-hifiasm-correct.ec.ont.fq.gz,fq.gz,s3://human-pangenomics/submissions/28c7b12d-1f66-43dd-ac7e-f7d9893d1b7d--R3_ONT_hifiasm_hybrid_corrected/HG00320_r10-hifiasm-correct.ec.ont.fq.gz,4052197,244577558097,244.578,87496
HG00321,HG00321_r10-hifiasm-correct.ec.ont.fq.gz,fq.gz,s3://human-pangenomics/submissions/28c7b12d-1f66-43dd-ac7e-f7d9893d1b7d--R3_ONT_hifiasm_hybrid_corrected/HG00321_r10-hifiasm-correct.ec.ont.fq.gz,4468953,239466740026,239.467,77478
HG00323,HG00323_r10-hifiasm-correct.ec.ont.fq.gz,fq.gz,s3://human-pangenomics/submissions/28c7b12d-1f66-43dd-ac7e-f7d9893d1b7d--R3_ONT_hifiasm_hybrid_corrected/HG00323_r10-hifiasm-correct.ec.ont.fq.gz,4759334,266772373356,266.772,81608
HG00329,HG00329_r10-hifiasm-correct.ec.ont.fq.gz,fq.gz,s3://human-pangenomics/submissions/28c7b12d-1f66-43dd-ac7e-f7d9893d1b7d--R3_ONT_hifiasm_hybrid_corrected/HG00329_r10-hifiasm-correct.ec.ont.fq.gz,5672610,274744857218,274.745,69358
HG00344,HG00344_r10-hifiasm-correct.ec.ont.fq.gz,fq.gz,s3://human-pangenomics/submissions/28c7b12d-1f66-43dd-ac7e-f7d9893d1b7d--R3_ONT_hifiasm_hybrid_corrected/HG00344_r10-hifiasm-correct.ec.ont.fq.gz,2308924,159056131255,159.056,101343
HG00350,HG00350_r10-hifiasm-correct.ec.ont.fq.gz,fq.gz,s3://human-pangenomics/submissions/28c7b12d-1f66-43dd-ac7e-f7d9893d1b7d--R3_ONT_hifiasm_hybrid_corrected/HG00350_r10-hifiasm-correct.ec.ont.fq.gz,4484395,243620797446,243.621,81661
HG00355,HG00355_r10-hifiasm-correct.ec.ont.fq.gz,fq.gz,s3://human-pangenomics/submissions/28c7b12d-1f66-43dd-ac7e-f7d9893d1b7d--R3_ONT_hifiasm_hybrid_corrected/HG00355_r10-hifiasm-correct.ec.ont.fq.gz,2620266,185500894112,185.501,105551
HG00375,HG00375_r10-hifiasm-correct.ec.ont.fq.gz,fq.gz,s3://human-pangenomics/submissions/28c7b12d-1f66-43dd-ac7e-f7d9893d1b7d--R3_ONT_hifiasm_hybrid_corrected/HG00375_r10-hifiasm-correct.ec.ont.fq.gz,2356449,187516319605,187.516,121361
HG00408,HG00408_r10-hifiasm-correct.ec.ont.fq.gz,fq.gz,s3://human-pangenomics/submissions/28c7b12d-1f66-43dd-ac7e-f7d9893d1b7d--R3_ONT_hifiasm_hybrid_corrected/HG00408_r10-hifiasm-correct.ec.ont.fq.gz,1962092,147587503043,147.588,115566
HG00423,HG00423_r10-hifiasm-correct.ec.ont.fq.gz,fq.gz,s3://human-pangenomics/submissions/28c7b12d-1f66-43dd-ac7e-f7d9893d1b7d--R3_ONT_hifiasm_hybrid_corrected/HG00423_r10-hifiasm-correct.ec.ont.fq.gz,1841746,143307558577,143.308,122699
HG00438,HG00438_r10-hifiasm-correct.ec.ont.fq.gz,fq.gz,s3://human-pangenomics/submissions/28c7b12d-1f66-43dd-ac7e-f7d9893d1b7d--R3_ONT_hifiasm_hybrid_corrected/HG00438_r10-hifiasm-correct.ec.ont.fq.gz,3511288,208978510106,208.979,93088
HG00544,HG00544_r10-hifiasm-correct.ec.ont.fq.gz,fq.gz,s3://human-pangenomics/submissions/28c7b12d-1f66-43dd-ac7e-f7d9893d1b7d--R3_ONT_hifiasm_hybrid_corrected/HG00544_r10-hifiasm-correct.ec.ont.fq.gz,2254763,153832407226,153.832,106405
HG00558,HG00558_r10-hifiasm-correct.ec.ont.fq.gz,fq.gz,s3://human-pangenomics/submissions/28c7b12d-1f66-43dd-ac7e-f7d9893d1b7d--R3_ONT_hifiasm_hybrid_corrected/HG00558_r10-hifiasm-correct.ec.ont.fq.gz,3078103,193266476637,193.266,95281
HG00580,HG00580_r10-hifiasm-correct.ec.ont.fq.gz,fq.gz,s3://human-pangenomics/submissions/28c7b12d-1f66-43dd-ac7e-f7d9893d1b7d--R3_ONT_hifiasm_hybrid_corrected/HG00580_r10-hifiasm-correct.ec.ont.fq.gz,2564077,168656179704,168.656,100951
HG00584,HG00584_r10-hifiasm-correct.ec.ont.fq.gz,fq.gz,s3://human-pangenomics/submissions/28c7b12d-1f66-43dd-ac7e-f7d9893d1b7d--R3_ONT_hifiasm_hybrid_corrected/HG00584_r10-hifiasm-correct.ec.ont.fq.gz,2222773,178740866639,178.741,123610
HG00597,HG00597_r10-hifiasm-correct.ec.ont.fq.gz,fq.gz,s3://human-pangenomics/submissions/28c7b12d-1f66-43dd-ac7e-f7d9893d1b7d--R3_ONT_hifiasm_hybrid_corrected/HG00597_r10-hifiasm-correct.ec.ont.fq.gz,2744790,201260182592,201.26,110908
HG00609,HG00609_r10-hifiasm-correct.ec.ont.fq.gz,fq.gz,s3://human-pangenomics/submissions/28c7b12d-1f66-43dd-ac7e-f7d9893d1b7d--R3_ONT_hifiasm_hybrid_corrected/HG00609_r10-hifiasm-correct.ec.ont.fq.gz,2394527,171766773711,171.767,115725
HG00621,HG00621_r10-hifiasm-correct.ec.ont.fq.gz,fq.gz,s3://human-pangenomics/submissions/28c7b12d-1f66-43dd-ac7e-f7d9893d1b7d--R3_ONT_hifiasm_hybrid_corrected/HG00621_r10-hifiasm-correct.ec.ont.fq.gz,4005332,233531979416,233.532,96351
HG00639,HG00639_r10-hifiasm-correct.ec.ont.fq.gz,fq.gz,s3://human-pangenomics/submissions/28c7b12d-1f66-43dd-ac7e-f7d9893d1b7d--R3_ONT_hifiasm_hybrid_corrected/HG00639_r10-hifiasm-correct.ec.ont.fq.gz,2004516,183886720083,183.887,147767
HG00642,HG00642_r10-hifiasm-correct.ec.ont.fq.gz,fq.gz,s3://human-pangenomics/submissions/28c7b12d-1f66-43dd-ac7e-f7d9893d1b7d--R3_ONT_hifiasm_hybrid_corrected/HG00642_r10-hifiasm-correct.ec.ont.fq.gz,1947707,150698689529,150.699,120276
HG00658,HG00658_r10-hifiasm-correct.ec.ont.fq.gz,fq.gz,s3://human-pangenomics/submissions/28c7b12d-1f66-43dd-ac7e-f7d9893d1b7d--R3_ONT_hifiasm_hybrid_corrected/HG00658_r10-hifiasm-correct.ec.ont.fq.gz,2654234,224337680960,224.338,138568
HG00662,HG00662_r10-hifiasm-correct.ec.ont.fq.gz,fq.gz,s3://human-pangenomics/submissions/28c7b12d-1f66-43dd-ac7e-f7d9893d1b7d--R3_ONT_hifiasm_hybrid_corrected/HG00662_r10-hifiasm-correct.ec.ont.fq.gz,2817857,197203111268,197.203,101060
HG00673,HG00673_r10-hifiasm-correct.ec.ont.fq.gz,fq.gz,s3://human-pangenomics/submissions/28c7b12d-1f66-43dd-ac7e-f7d9893d1b7d--R3_ONT_hifiasm_hybrid_corrected/HG00673_r10-hifiasm-correct.ec.ont.fq.gz,4385123,246752683401,246.753,87936
HG00689,HG00689_r10-hifiasm-correct.ec.ont.fq.gz,fq.gz,s3://human-pangenomics/submissions/28c7b12d-1f66-43dd-ac7e-f7d9893d1b7d--R3_ONT_hifiasm_hybrid_corrected/HG00689_r10-hifiasm-correct.ec.ont.fq.gz,2661705,193949534669,193.95,108890
HG00701,HG00701_r10-hifiasm-correct.ec.ont.fq.gz,fq.gz,s3://human-pangenomics/submissions/28c7b12d-1f66-43dd-ac7e-f7d9893d1b7d--R3_ONT_hifiasm_hybrid_corrected/HG00701_r10-hifiasm-correct.ec.ont.fq.gz,2578561,174408965494,174.409,102780
HG00706,HG00706_r10-hifiasm-correct.ec.ont.fq.gz,fq.gz,s3://human-pangenomics/submissions/28c7b12d-1f66-43dd-ac7e-f7d9893d1b7d--R3_ONT_hifiasm_hybrid_corrected/HG00706_r10-hifiasm-correct.ec.ont.fq.gz,2512247,175907882476,175.908,105600
HG00735,HG00735_r10-hifiasm-correct.ec.ont.fq.gz,fq.gz,s3://human-pangenomics/submissions/28c7b12d-1f66-43dd-ac7e-f7d9893d1b7d--R3_ONT_hifiasm_hybrid_corrected/HG00735_r10-hifiasm-correct.ec.ont.fq.gz,2493339,171498574507,171.499,107586
HG00738,HG00738_r10-hifiasm-correct.ec.ont.fq.gz,fq.gz,s3://human-pangenomics/submissions/28c7b12d-1f66-43dd-ac7e-f7d9893d1b7d--R3_ONT_hifiasm_hybrid_corrected/HG00738_r10-hifiasm-correct.ec.ont.fq.gz,3997894,247529620516,247.53,90612
HG00741,HG00741_r10-hifiasm-correct.ec.ont.fq.gz,fq.gz,s3://human-pangenomics/submissions/28c7b12d-1f66-43dd-ac7e-f7d9893d1b7d--R3_ONT_hifiasm_hybrid_corrected/HG00741_r10-hifiasm-correct.ec.ont.fq.gz,2439747,186847407245,186.847,123590
HG00867,HG00867_r10-hifiasm-correct.ec.ont.fq.gz,fq.gz,s3://human-pangenomics/submissions/28c7b12d-1f66-43dd-ac7e-f7d9893d1b7d--R3_ONT_hifiasm_hybrid_corrected/HG00867_r10-hifiasm-correct.ec.ont.fq.gz,3648848,217022253072,217.022,88177
HG01028,HG01028_r10-hifiasm-correct.ec.ont.fq.gz,fq.gz,s3://human-pangenomics/submissions/28c7b12d-1f66-43dd-ac7e-f7d9893d1b7d--R3_ONT_hifiasm_hybrid_corrected/HG01028_r10-hifiasm-correct.ec.ont.fq.gz,5283277,291014796255,291.015,81463
HG01048,HG01048_r10-hifiasm-correct.ec.ont.fq.gz,fq.gz,s3://human-pangenomics/submissions/28c7b12d-1f66-43dd-ac7e-f7d9893d1b7d--R3_ONT_hifiasm_hybrid_corrected/HG01048_r10-hifiasm-correct.ec.ont.fq.gz,3265027,199963533298,199.964,89942
HG01067,HG01067_r10-hifiasm-correct.ec.ont.fq.gz,fq.gz,s3://human-pangenomics/submissions/28c7b12d-1f66-43dd-ac7e-f7d9893d1b7d--R3_ONT_hifiasm_hybrid_corrected/HG01067_r10-hifiasm-correct.ec.ont.fq.gz,5039930,345276660623,345.277,103887
HG01071,HG01071_r10-hifiasm-correct.ec.ont.fq.gz,fq.gz,s3://human-pangenomics/submissions/28c7b12d-1f66-43dd-ac7e-f7d9893d1b7d--R3_ONT_hifiasm_hybrid_corrected/HG01071_r10-hifiasm-correct.ec.ont.fq.gz,3885300,222368733758,222.369,87575
HG01074,HG01074_r10-hifiasm-correct.ec.ont.fq.gz,fq.gz,s3://human-pangenomics/submissions/28c7b12d-1f66-43dd-ac7e-f7d9893d1b7d--R3_ONT_hifiasm_hybrid_corrected/HG01074_r10-hifiasm-correct.ec.ont.fq.gz,2456046,194590751519,194.591,128578
HG01081,HG01081_r10-hifiasm-correct.ec.ont.fq.gz,fq.gz,s3://human-pangenomics/submissions/28c7b12d-1f66-43dd-ac7e-f7d9893d1b7d--R3_ONT_hifiasm_hybrid_corrected/HG01081_r10-hifiasm-correct.ec.ont.fq.gz,3057926,184708621869,184.709,91535
HG01099,HG01099_r10-hifiasm-correct.ec.ont.fq.gz,fq.gz,s3://human-pangenomics/submissions/28c7b12d-1f66-43dd-ac7e-f7d9893d1b7d--R3_ONT_hifiasm_hybrid_corrected/HG01099_r10-hifiasm-correct.ec.ont.fq.gz,2826577,199102364419,199.102,104440
HG01106,HG01106_r10-hifiasm-correct.ec.ont.fq.gz,fq.gz,s3://human-pangenomics/submissions/28c7b12d-1f66-43dd-ac7e-f7d9893d1b7d--R3_ONT_hifiasm_hybrid_corrected/HG01106_r10-hifiasm-correct.ec.ont.fq.gz,3429387,242174333036,242.174,108848
HG01123,HG01123_r10-hifiasm-correct.ec.ont.fq.gz,fq.gz,s3://human-pangenomics/submissions/28c7b12d-1f66-43dd-ac7e-f7d9893d1b7d--R3_ONT_hifiasm_hybrid_corrected/HG01123_r10-hifiasm-correct.ec.ont.fq.gz,2315004,153224793422,153.225,112225
HG01136,HG01136_r10-hifiasm-correct.ec.ont.fq.gz,fq.gz,s3://human-pangenomics/submissions/28c7b12d-1f66-43dd-ac7e-f7d9893d1b7d--R3_ONT_hifiasm_hybrid_corrected/HG01136_r10-hifiasm-correct.ec.ont.fq.gz,1872259,143744590671,143.745,120273
HG01150,HG01150_r10-hifiasm-correct.ec.ont.fq.gz,fq.gz,s3://human-pangenomics/submissions/28c7b12d-1f66-43dd-ac7e-f7d9893d1b7d--R3_ONT_hifiasm_hybrid_corrected/HG01150_r10-hifiasm-correct.ec.ont.fq.gz,3224740,188267530199,188.268,89255
HG01167,HG01167_r10-hifiasm-correct.ec.ont.fq.gz,fq.gz,s3://human-pangenomics/submissions/28c7b12d-1f66-43dd-ac7e-f7d9893d1b7d--R3_ONT_hifiasm_hybrid_corrected/HG01167_r10-hifiasm-correct.ec.ont.fq.gz,2958910,212970608636,212.971,102760
HG01175,HG01175_r10-hifiasm-correct.ec.ont.fq.gz,fq.gz,s3://human-pangenomics/submissions/28c7b12d-1f66-43dd-ac7e-f7d9893d1b7d--R3_ONT_hifiasm_hybrid_corrected/HG01175_r10-hifiasm-correct.ec.ont.fq.gz,2393373,194699166150,194.699,128602
HG01176,HG01176_r10-hifiasm-correct.ec.ont.fq.gz,fq.gz,s3://human-pangenomics/submissions/28c7b12d-1f66-43dd-ac7e-f7d9893d1b7d--R3_ONT_hifiasm_hybrid_corrected/HG01176_r10-hifiasm-correct.ec.ont.fq.gz,1705309,138349645496,138.35,127561
HG01192,HG01192_r10-hifiasm-correct.ec.ont.fq.gz,fq.gz,s3://human-pangenomics/submissions/28c7b12d-1f66-43dd-ac7e-f7d9893d1b7d--R3_ONT_hifiasm_hybrid_corrected/HG01192_r10-hifiasm-correct.ec.ont.fq.gz,2972943,188252137139,188.252,95856
HG01252,HG01252_r10-hifiasm-correct.ec.ont.fq.gz,fq.gz,s3://human-pangenomics/submissions/28c7b12d-1f66-43dd-ac7e-f7d9893d1b7d--R3_ONT_hifiasm_hybrid_corrected/HG01252_r10-hifiasm-correct.ec.ont.fq.gz,2305702,160630611968,160.631,104512
HG01255,HG01255_r10-hifiasm-correct.ec.ont.fq.gz,fq.gz,s3://human-pangenomics/submissions/28c7b12d-1f66-43dd-ac7e-f7d9893d1b7d--R3_ONT_hifiasm_hybrid_corrected/HG01255_r10-hifiasm-correct.ec.ont.fq.gz,4729235,250738360809,250.738,75826
HG01258,HG01258_r10-hifiasm-correct.ec.ont.fq.gz,fq.gz,s3://human-pangenomics/submissions/28c7b12d-1f66-43dd-ac7e-f7d9893d1b7d--R3_ONT_hifiasm_hybrid_corrected/HG01258_r10-hifiasm-correct.ec.ont.fq.gz,1907124,145740105190,145.74,121511
HG01261,HG01261_r10-hifiasm-correct.ec.ont.fq.gz,fq.gz,s3://human-pangenomics/submissions/28c7b12d-1f66-43dd-ac7e-f7d9893d1b7d--R3_ONT_hifiasm_hybrid_corrected/HG01261_r10-hifiasm-correct.ec.ont.fq.gz,3895660,239939433252,239.939,90581
HG01346,HG01346_r10-hifiasm-correct.ec.ont.fq.gz,fq.gz,s3://human-pangenomics/submissions/28c7b12d-1f66-43dd-ac7e-f7d9893d1b7d--R3_ONT_hifiasm_hybrid_corrected/HG01346_r10-hifiasm-correct.ec.ont.fq.gz,2677190,171527708238,171.528,100549
HG01358,HG01358_r10-hifiasm-correct.ec.ont.fq.gz,fq.gz,s3://human-pangenomics/submissions/28c7b12d-1f66-43dd-ac7e-f7d9893d1b7d--R3_ONT_hifiasm_hybrid_corrected/HG01358_r10-hifiasm-correct.ec.ont.fq.gz,2399152,176417222183,176.417,118192
HG01361,HG01361_r10-hifiasm-correct.ec.ont.fq.gz,fq.gz,s3://human-pangenomics/submissions/28c7b12d-1f66-43dd-ac7e-f7d9893d1b7d--R3_ONT_hifiasm_hybrid_corrected/HG01361_r10-hifiasm-correct.ec.ont.fq.gz,1965557,147325209209,147.325,122872
HG01374,HG01374_r10-hifiasm-correct.ec.ont.fq.gz,fq.gz,s3://human-pangenomics/submissions/28c7b12d-1f66-43dd-ac7e-f7d9893d1b7d--R3_ONT_hifiasm_hybrid_corrected/HG01374_r10-hifiasm-correct.ec.ont.fq.gz,2550872,187851032032,187.851,110960
HG01433,HG01433_r10-hifiasm-correct.ec.ont.fq.gz,fq.gz,s3://human-pangenomics/submissions/28c7b12d-1f66-43dd-ac7e-f7d9893d1b7d--R3_ONT_hifiasm_hybrid_corrected/HG01433_r10-hifiasm-correct.ec.ont.fq.gz,3055648,183016383975,183.016,95418
HG01479,HG01479_r10-hifiasm-correct.ec.ont.fq.gz,fq.gz,s3://human-pangenomics/submissions/28c7b12d-1f66-43dd-ac7e-f7d9893d1b7d--R3_ONT_hifiasm_hybrid_corrected/HG01479_r10-hifiasm-correct.ec.ont.fq.gz,2422299,175051682733,175.052,106717
HG01496,HG01496_r10-hifiasm-correct.ec.ont.fq.gz,fq.gz,s3://human-pangenomics/submissions/28c7b12d-1f66-43dd-ac7e-f7d9893d1b7d--R3_ONT_hifiasm_hybrid_corrected/HG01496_r10-hifiasm-correct.ec.ont.fq.gz,2874945,200486226303,200.486,106151
HG01516,HG01516_r10-hifiasm-correct.ec.ont.fq.gz,fq.gz,s3://human-pangenomics/submissions/28c7b12d-1f66-43dd-ac7e-f7d9893d1b7d--R3_ONT_hifiasm_hybrid_corrected/HG01516_r10-hifiasm-correct.ec.ont.fq.gz,5099683,278036466777,278.036,81784
HG01522,HG01522_r10-hifiasm-correct.ec.ont.fq.gz,fq.gz,s3://human-pangenomics/submissions/28c7b12d-1f66-43dd-ac7e-f7d9893d1b7d--R3_ONT_hifiasm_hybrid_corrected/HG01522_r10-hifiasm-correct.ec.ont.fq.gz,3907794,241864122235,241.864,91075
HG01530,HG01530_r10-hifiasm-correct.ec.ont.fq.gz,fq.gz,s3://human-pangenomics/submissions/28c7b12d-1f66-43dd-ac7e-f7d9893d1b7d--R3_ONT_hifiasm_hybrid_corrected/HG01530_r10-hifiasm-correct.ec.ont.fq.gz,2314042,183202281044,183.202,122271
HG01610,HG01610_r10-hifiasm-correct.ec.ont.fq.gz,fq.gz,s3://human-pangenomics/submissions/28c7b12d-1f66-43dd-ac7e-f7d9893d1b7d--R3_ONT_hifiasm_hybrid_corrected/HG01610_r10-hifiasm-correct.ec.ont.fq.gz,3177177,181416097178,181.416,88526
HG01624,HG01624_r10-hifiasm-correct.ec.ont.fq.gz,fq.gz,s3://human-pangenomics/submissions/28c7b12d-1f66-43dd-ac7e-f7d9893d1b7d--R3_ONT_hifiasm_hybrid_corrected/HG01624_r10-hifiasm-correct.ec.ont.fq.gz,2409362,173982806103,173.983,109025
HG01700,HG01700_r10-hifiasm-correct.ec.ont.fq.gz,fq.gz,s3://human-pangenomics/submissions/28c7b12d-1f66-43dd-ac7e-f7d9893d1b7d--R3_ONT_hifiasm_hybrid_corrected/HG01700_r10-hifiasm-correct.ec.ont.fq.gz,3037104,218121827174,218.122,109243
HG01766,HG01766_r10-hifiasm-correct.ec.ont.fq.gz,fq.gz,s3://human-pangenomics/submissions/28c7b12d-1f66-43dd-ac7e-f7d9893d1b7d--R3_ONT_hifiasm_hybrid_corrected/HG01766_r10-hifiasm-correct.ec.ont.fq.gz,4622702,285862799300,285.863,93135
HG01784,HG01784_r10-hifiasm-correct.ec.ont.fq.gz,fq.gz,s3://human-pangenomics/submissions/28c7b12d-1f66-43dd-ac7e-f7d9893d1b7d--R3_ONT_hifiasm_hybrid_corrected/HG01784_r10-hifiasm-correct.ec.ont.fq.gz,2857572,221273700965,221.274,119083
HG01786,HG01786_r10-hifiasm-correct.ec.ont.fq.gz,fq.gz,s3://human-pangenomics/submissions/28c7b12d-1f66-43dd-ac7e-f7d9893d1b7d--R3_ONT_hifiasm_hybrid_corrected/HG01786_r10-hifiasm-correct.ec.ont.fq.gz,5288112,272948105901,272.948,72079
HG01796,HG01796_r10-hifiasm-correct.ec.ont.fq.gz,fq.gz,s3://human-pangenomics/submissions/28c7b12d-1f66-43dd-ac7e-f7d9893d1b7d--R3_ONT_hifiasm_hybrid_corrected/HG01796_r10-hifiasm-correct.ec.ont.fq.gz,3615154,231929211175,231.929,90399
HG01798,HG01798_r10-hifiasm-correct.ec.ont.fq.gz,fq.gz,s3://human-pangenomics/submissions/28c7b12d-1f66-43dd-ac7e-f7d9893d1b7d--R3_ONT_hifiasm_hybrid_corrected/HG01798_r10-hifiasm-correct.ec.ont.fq.gz,2317773,163430519742,163.431,107206
HG01884,HG01884_r10-hifiasm-correct.ec.ont.fq.gz,fq.gz,s3://human-pangenomics/submissions/28c7b12d-1f66-43dd-ac7e-f7d9893d1b7d--R3_ONT_hifiasm_hybrid_corrected/HG01884_r10-hifiasm-correct.ec.ont.fq.gz,3404791,233574445821,233.574,103043
HG01891,HG01891_r10-hifiasm-correct.ec.ont.fq.gz,fq.gz,s3://human-pangenomics/submissions/28c7b12d-1f66-43dd-ac7e-f7d9893d1b7d--R3_ONT_hifiasm_hybrid_corrected/HG01891_r10-hifiasm-correct.ec.ont.fq.gz,2341421,153276297446,153.276,108140
HG01894,HG01894_r10-hifiasm-correct.ec.ont.fq.gz,fq.gz,s3://human-pangenomics/submissions/28c7b12d-1f66-43dd-ac7e-f7d9893d1b7d--R3_ONT_hifiasm_hybrid_corrected/HG01894_r10-hifiasm-correct.ec.ont.fq.gz,2010300,147994812457,147.995,111758
HG01928,HG01928_r10-hifiasm-correct.ec.ont.fq.gz,fq.gz,s3://human-pangenomics/submissions/28c7b12d-1f66-43dd-ac7e-f7d9893d1b7d--R3_ONT_hifiasm_hybrid_corrected/HG01928_r10-hifiasm-correct.ec.ont.fq.gz,2287197,170757121872,170.757,119595
HG01934,HG01934_r10-hifiasm-correct.ec.ont.fq.gz,fq.gz,s3://human-pangenomics/submissions/28c7b12d-1f66-43dd-ac7e-f7d9893d1b7d--R3_ONT_hifiasm_hybrid_corrected/HG01934_r10-hifiasm-correct.ec.ont.fq.gz,2546248,191096063624,191.096,115696
HG01940,HG01940_r10-hifiasm-correct.ec.ont.fq.gz,fq.gz,s3://human-pangenomics/submissions/28c7b12d-1f66-43dd-ac7e-f7d9893d1b7d--R3_ONT_hifiasm_hybrid_corrected/HG01940_r10-hifiasm-correct.ec.ont.fq.gz,2803795,171437312936,171.437,98093
HG01943,HG01943_r10-hifiasm-correct.ec.ont.fq.gz,fq.gz,s3://human-pangenomics/submissions/28c7b12d-1f66-43dd-ac7e-f7d9893d1b7d--R3_ONT_hifiasm_hybrid_corrected/HG01943_r10-hifiasm-correct.ec.ont.fq.gz,4104745,267356825024,267.357,105145
HG01952,HG01952_r10-hifiasm-correct.ec.ont.fq.gz,fq.gz,s3://human-pangenomics/submissions/28c7b12d-1f66-43dd-ac7e-f7d9893d1b7d--R3_ONT_hifiasm_hybrid_corrected/HG01952_r10-hifiasm-correct.ec.ont.fq.gz,2507457,192165122392,192.165,120831
HG01960,HG01960_r10-hifiasm-correct.ec.ont.fq.gz,fq.gz,s3://human-pangenomics/submissions/28c7b12d-1f66-43dd-ac7e-f7d9893d1b7d--R3_ONT_hifiasm_hybrid_corrected/HG01960_r10-hifiasm-correct.ec.ont.fq.gz,2407929,170759621249,170.76,108640
HG01969,HG01969_r10-hifiasm-correct.ec.ont.fq.gz,fq.gz,s3://human-pangenomics/submissions/28c7b12d-1f66-43dd-ac7e-f7d9893d1b7d--R3_ONT_hifiasm_hybrid_corrected/HG01969_r10-hifiasm-correct.ec.ont.fq.gz,2657699,176970339519,176.97,100470
HG01975,HG01975_r10-hifiasm-correct.ec.ont.fq.gz,fq.gz,s3://human-pangenomics/submissions/28c7b12d-1f66-43dd-ac7e-f7d9893d1b7d--R3_ONT_hifiasm_hybrid_corrected/HG01975_r10-hifiasm-correct.ec.ont.fq.gz,3588241,268085186364,268.085,111337
HG01978,HG01978_r10-hifiasm-correct.ec.ont.fq.gz,fq.gz,s3://human-pangenomics/submissions/28c7b12d-1f66-43dd-ac7e-f7d9893d1b7d--R3_ONT_hifiasm_hybrid_corrected/HG01978_r10-hifiasm-correct.ec.ont.fq.gz,2513783,192467585750,192.468,125932
HG01981,HG01981_r10-hifiasm-correct.ec.ont.fq.gz,fq.gz,s3://human-pangenomics/submissions/28c7b12d-1f66-43dd-ac7e-f7d9893d1b7d--R3_ONT_hifiasm_hybrid_corrected/HG01981_r10-hifiasm-correct.ec.ont.fq.gz,3440811,191111681846,191.112,87364
HG01993,HG01993_r10-hifiasm-correct.ec.ont.fq.gz,fq.gz,s3://human-pangenomics/submissions/28c7b12d-1f66-43dd-ac7e-f7d9893d1b7d--R3_ONT_hifiasm_hybrid_corrected/HG01993_r10-hifiasm-correct.ec.ont.fq.gz,3513659,220232127708,220.232,91170
HG02004,HG02004_r10-hifiasm-correct.ec.ont.fq.gz,fq.gz,s3://human-pangenomics/submissions/28c7b12d-1f66-43dd-ac7e-f7d9893d1b7d--R3_ONT_hifiasm_hybrid_corrected/HG02004_r10-hifiasm-correct.ec.ont.fq.gz,2996617,204831311308,204.831,104139
HG02015,HG02015_r10-hifiasm-correct.ec.ont.fq.gz,fq.gz,s3://human-pangenomics/submissions/28c7b12d-1f66-43dd-ac7e-f7d9893d1b7d--R3_ONT_hifiasm_hybrid_corrected/HG02015_r10-hifiasm-correct.ec.ont.fq.gz,,,,
HG02027,HG02027_r10-hifiasm-correct.ec.ont.fq.gz,fq.gz,s3://human-pangenomics/submissions/28c7b12d-1f66-43dd-ac7e-f7d9893d1b7d--R3_ONT_hifiasm_hybrid_corrected/HG02027_r10-hifiasm-correct.ec.ont.fq.gz,4216678,238009188229,238.009,91902
HG02040,HG02040_r10-hifiasm-correct.ec.ont.fq.gz,fq.gz,s3://human-pangenomics/submissions/28c7b12d-1f66-43dd-ac7e-f7d9893d1b7d--R3_ONT_hifiasm_hybrid_corrected/HG02040_r10-hifiasm-correct.ec.ont.fq.gz,2491475,194662890048,194.663,119959
HG02056,HG02056_r10-hifiasm-correct.ec.ont.fq.gz,fq.gz,s3://human-pangenomics/submissions/28c7b12d-1f66-43dd-ac7e-f7d9893d1b7d--R3_ONT_hifiasm_hybrid_corrected/HG02056_r10-hifiasm-correct.ec.ont.fq.gz,3200367,228946174668,228.946,110510
HG02071,HG02071_r10-hifiasm-correct.ec.ont.fq.gz,fq.gz,s3://human-pangenomics/submissions/28c7b12d-1f66-43dd-ac7e-f7d9893d1b7d--R3_ONT_hifiasm_hybrid_corrected/HG02071_r10-hifiasm-correct.ec.ont.fq.gz,3054982,193513407425,193.513,92751
HG02074,HG02074_r10-hifiasm-correct.ec.ont.fq.gz,fq.gz,s3://human-pangenomics/submissions/28c7b12d-1f66-43dd-ac7e-f7d9893d1b7d--R3_ONT_hifiasm_hybrid_corrected/HG02074_r10-hifiasm-correct.ec.ont.fq.gz,4141604,220158064951,220.158,78195
HG02083,HG02083_r10-hifiasm-correct.ec.ont.fq.gz,fq.gz,s3://human-pangenomics/submissions/28c7b12d-1f66-43dd-ac7e-f7d9893d1b7d--R3_ONT_hifiasm_hybrid_corrected/HG02083_r10-hifiasm-correct.ec.ont.fq.gz,1964395,151580570832,151.581,122576
HG02129,HG02129_r10-hifiasm-correct.ec.ont.fq.gz,fq.gz,s3://human-pangenomics/submissions/28c7b12d-1f66-43dd-ac7e-f7d9893d1b7d--R3_ONT_hifiasm_hybrid_corrected/HG02129_r10-hifiasm-correct.ec.ont.fq.gz,,,,
HG02132,HG02132_r10-hifiasm-correct.ec.ont.fq.gz,fq.gz,s3://human-pangenomics/submissions/28c7b12d-1f66-43dd-ac7e-f7d9893d1b7d--R3_ONT_hifiasm_hybrid_corrected/HG02132_r10-hifiasm-correct.ec.ont.fq.gz,2346777,171183581685,171.184,112993
HG02135,HG02135_r10-hifiasm-correct.ec.ont.fq.gz,fq.gz,s3://human-pangenomics/submissions/28c7b12d-1f66-43dd-ac7e-f7d9893d1b7d--R3_ONT_hifiasm_hybrid_corrected/HG02135_r10-hifiasm-correct.ec.ont.fq.gz,3527875,242139021101,242.139,105752
HG02140,HG02140_r10-hifiasm-correct.ec.ont.fq.gz,fq.gz,s3://human-pangenomics/submissions/28c7b12d-1f66-43dd-ac7e-f7d9893d1b7d--R3_ONT_hifiasm_hybrid_corrected/HG02140_r10-hifiasm-correct.ec.ont.fq.gz,2192868,156928764667,156.929,114355
HG02148,HG02148_r10-hifiasm-correct.ec.ont.fq.gz,fq.gz,s3://human-pangenomics/submissions/28c7b12d-1f66-43dd-ac7e-f7d9893d1b7d--R3_ONT_hifiasm_hybrid_corrected/HG02148_r10-hifiasm-correct.ec.ont.fq.gz,2356912,169628361030,169.628,111539
HG02155,HG02155_r10-hifiasm-correct.ec.ont.fq.gz,fq.gz,s3://human-pangenomics/submissions/28c7b12d-1f66-43dd-ac7e-f7d9893d1b7d--R3_ONT_hifiasm_hybrid_corrected/HG02155_r10-hifiasm-correct.ec.ont.fq.gz,2501943,165313278836,165.313,105365
HG02165,HG02165_r10-hifiasm-correct.ec.ont.fq.gz,fq.gz,s3://human-pangenomics/submissions/28c7b12d-1f66-43dd-ac7e-f7d9893d1b7d--R3_ONT_hifiasm_hybrid_corrected/HG02165_r10-hifiasm-correct.ec.ont.fq.gz,2230395,173014015232,173.014,119773
HG02178,HG02178_r10-hifiasm-correct.ec.ont.fq.gz,fq.gz,s3://human-pangenomics/submissions/28c7b12d-1f66-43dd-ac7e-f7d9893d1b7d--R3_ONT_hifiasm_hybrid_corrected/HG02178_r10-hifiasm-correct.ec.ont.fq.gz,3509979,204637969779,204.638,84454
HG02257,HG02257_r10-hifiasm-correct.ec.ont.fq.gz,fq.gz,s3://human-pangenomics/submissions/28c7b12d-1f66-43dd-ac7e-f7d9893d1b7d--R3_ONT_hifiasm_hybrid_corrected/HG02257_r10-hifiasm-correct.ec.ont.fq.gz,2309252,156059357918,156.059,108216
HG02258,HG02258_r10-hifiasm-correct.ec.ont.fq.gz,fq.gz,s3://human-pangenomics/submissions/28c7b12d-1f66-43dd-ac7e-f7d9893d1b7d--R3_ONT_hifiasm_hybrid_corrected/HG02258_r10-hifiasm-correct.ec.ont.fq.gz,4052700,215800779558,215.801,80627
HG02273,HG02273_r10-hifiasm-correct.ec.ont.fq.gz,fq.gz,s3://human-pangenomics/submissions/28c7b12d-1f66-43dd-ac7e-f7d9893d1b7d--R3_ONT_hifiasm_hybrid_corrected/HG02273_r10-hifiasm-correct.ec.ont.fq.gz,1968781,178913299413,178.913,146473
HG02280,HG02280_r10-hifiasm-correct.ec.ont.fq.gz,fq.gz,s3://human-pangenomics/submissions/28c7b12d-1f66-43dd-ac7e-f7d9893d1b7d--R3_ONT_hifiasm_hybrid_corrected/HG02280_r10-hifiasm-correct.ec.ont.fq.gz,2968809,184073235050,184.073,96411
HG02293,HG02293_r10-hifiasm-correct.ec.ont.fq.gz,fq.gz,s3://human-pangenomics/submissions/28c7b12d-1f66-43dd-ac7e-f7d9893d1b7d--R3_ONT_hifiasm_hybrid_corrected/HG02293_r10-hifiasm-correct.ec.ont.fq.gz,2716009,172688433678,172.688,96571
HG02300,HG02300_r10-hifiasm-correct.ec.ont.fq.gz,fq.gz,s3://human-pangenomics/submissions/28c7b12d-1f66-43dd-ac7e-f7d9893d1b7d--R3_ONT_hifiasm_hybrid_corrected/HG02300_r10-hifiasm-correct.ec.ont.fq.gz,2670273,207104712227,207.105,123198
HG02337,HG02337_r10-hifiasm-correct.ec.ont.fq.gz,fq.gz,s3://human-pangenomics/submissions/28c7b12d-1f66-43dd-ac7e-f7d9893d1b7d--R3_ONT_hifiasm_hybrid_corrected/HG02337_r10-hifiasm-correct.ec.ont.fq.gz,3914449,222901244806,222.901,89799
HG02364,HG02364_r10-hifiasm-correct.ec.ont.fq.gz,fq.gz,s3://human-pangenomics/submissions/28c7b12d-1f66-43dd-ac7e-f7d9893d1b7d--R3_ONT_hifiasm_hybrid_corrected/HG02364_r10-hifiasm-correct.ec.ont.fq.gz,3303801,220915096869,220.915,102430
HG02373,HG02373_r10-hifiasm-correct.ec.ont.fq.gz,fq.gz,s3://human-pangenomics/submissions/28c7b12d-1f66-43dd-ac7e-f7d9893d1b7d--R3_ONT_hifiasm_hybrid_corrected/HG02373_r10-hifiasm-correct.ec.ont.fq.gz,3176061,223569444326,223.569,108436
HG02391,HG02391_r10-hifiasm-correct.ec.ont.fq.gz,fq.gz,s3://human-pangenomics/submissions/28c7b12d-1f66-43dd-ac7e-f7d9893d1b7d--R3_ONT_hifiasm_hybrid_corrected/HG02391_r10-hifiasm-correct.ec.ont.fq.gz,3210241,242952166660,242.952,112390
HG02392,HG02392_r10-hifiasm-correct.ec.ont.fq.gz,fq.gz,s3://human-pangenomics/submissions/28c7b12d-1f66-43dd-ac7e-f7d9893d1b7d--R3_ONT_hifiasm_hybrid_corrected/HG02392_r10-hifiasm-correct.ec.ont.fq.gz,3655747,238636596461,238.637,100920
HG02451,HG02451_r10-hifiasm-correct.ec.ont.fq.gz,fq.gz,s3://human-pangenomics/submissions/28c7b12d-1f66-43dd-ac7e-f7d9893d1b7d--R3_ONT_hifiasm_hybrid_corrected/HG02451_r10-hifiasm-correct.ec.ont.fq.gz,3370518,227873348482,227.873,100336
HG02470,HG02470_r10-hifiasm-correct.ec.ont.fq.gz,fq.gz,s3://human-pangenomics/submissions/28c7b12d-1f66-43dd-ac7e-f7d9893d1b7d--R3_ONT_hifiasm_hybrid_corrected/HG02470_r10-hifiasm-correct.ec.ont.fq.gz,2424398,162393653103,162.394,103929
HG02486,HG02486_r10-hifiasm-correct.ec.ont.fq.gz,fq.gz,s3://human-pangenomics/submissions/28c7b12d-1f66-43dd-ac7e-f7d9893d1b7d--R3_ONT_hifiasm_hybrid_corrected/HG02486_r10-hifiasm-correct.ec.ont.fq.gz,2180279,165373275206,165.373,120495
HG02497,HG02497_r10-hifiasm-correct.ec.ont.fq.gz,fq.gz,s3://human-pangenomics/submissions/28c7b12d-1f66-43dd-ac7e-f7d9893d1b7d--R3_ONT_hifiasm_hybrid_corrected/HG02497_r10-hifiasm-correct.ec.ont.fq.gz,1894135,153021841303,153.022,125811
HG02514,HG02514_r10-hifiasm-correct.ec.ont.fq.gz,fq.gz,s3://human-pangenomics/submissions/28c7b12d-1f66-43dd-ac7e-f7d9893d1b7d--R3_ONT_hifiasm_hybrid_corrected/HG02514_r10-hifiasm-correct.ec.ont.fq.gz,2982163,219901464051,219.901,112009
HG02523,HG02523_r10-hifiasm-correct.ec.ont.fq.gz,fq.gz,s3://human-pangenomics/submissions/28c7b12d-1f66-43dd-ac7e-f7d9893d1b7d--R3_ONT_hifiasm_hybrid_corrected/HG02523_r10-hifiasm-correct.ec.ont.fq.gz,,,,
HG02541,HG02541_r10-hifiasm-correct.ec.ont.fq.gz,fq.gz,s3://human-pangenomics/submissions/28c7b12d-1f66-43dd-ac7e-f7d9893d1b7d--R3_ONT_hifiasm_hybrid_corrected/HG02541_r10-hifiasm-correct.ec.ont.fq.gz,1423957,139809954782,139.81,169090
HG02559,HG02559_r10-hifiasm-correct.ec.ont.fq.gz,fq.gz,s3://human-pangenomics/submissions/28c7b12d-1f66-43dd-ac7e-f7d9893d1b7d--R3_ONT_hifiasm_hybrid_corrected/HG02559_r10-hifiasm-correct.ec.ont.fq.gz,2793232,195973517644,195.974,112113
HG02572,HG02572_r10-hifiasm-correct.ec.ont.fq.gz,fq.gz,s3://human-pangenomics/submissions/28c7b12d-1f66-43dd-ac7e-f7d9893d1b7d--R3_ONT_hifiasm_hybrid_corrected/HG02572_r10-hifiasm-correct.ec.ont.fq.gz,2813293,189672476146,189.672,115841
HG02583,HG02583_r10-hifiasm-correct.ec.ont.fq.gz,fq.gz,s3://human-pangenomics/submissions/28c7b12d-1f66-43dd-ac7e-f7d9893d1b7d--R3_ONT_hifiasm_hybrid_corrected/HG02583_r10-hifiasm-correct.ec.ont.fq.gz,4445083,245366774726,245.367,82780
HG02589,HG02589_r10-hifiasm-correct.ec.ont.fq.gz,fq.gz,s3://human-pangenomics/submissions/28c7b12d-1f66-43dd-ac7e-f7d9893d1b7d--R3_ONT_hifiasm_hybrid_corrected/HG02589_r10-hifiasm-correct.ec.ont.fq.gz,2810109,177863863935,177.864,99532
HG02594,HG02594_r10-hifiasm-correct.ec.ont.fq.gz,fq.gz,s3://human-pangenomics/submissions/28c7b12d-1f66-43dd-ac7e-f7d9893d1b7d--R3_ONT_hifiasm_hybrid_corrected/HG02594_r10-hifiasm-correct.ec.ont.fq.gz,3329601,214704382020,214.704,96243
HG02602,HG02602_r10-hifiasm-correct.ec.ont.fq.gz,fq.gz,s3://human-pangenomics/submissions/28c7b12d-1f66-43dd-ac7e-f7d9893d1b7d--R3_ONT_hifiasm_hybrid_corrected/HG02602_r10-hifiasm-correct.ec.ont.fq.gz,3702170,230448665252,230.449,90238
HG02615,HG02615_r10-hifiasm-correct.ec.ont.fq.gz,fq.gz,s3://human-pangenomics/submissions/28c7b12d-1f66-43dd-ac7e-f7d9893d1b7d--R3_ONT_hifiasm_hybrid_corrected/HG02615_r10-hifiasm-correct.ec.ont.fq.gz,4059595,223470679984,223.471,83283
HG02622,HG02622_r10-hifiasm-correct.ec.ont.fq.gz,fq.gz,s3://human-pangenomics/submissions/28c7b12d-1f66-43dd-ac7e-f7d9893d1b7d--R3_ONT_hifiasm_hybrid_corrected/HG02622_r10-hifiasm-correct.ec.ont.fq.gz,2448315,196669098287,196.669,126887
HG02624,HG02624_r10-hifiasm-correct.ec.ont.fq.gz,fq.gz,s3://human-pangenomics/submissions/28c7b12d-1f66-43dd-ac7e-f7d9893d1b7d--R3_ONT_hifiasm_hybrid_corrected/HG02624_r10-hifiasm-correct.ec.ont.fq.gz,3442718,221523632242,221.524,94510
HG02630,HG02630_r10-hifiasm-correct.ec.ont.fq.gz,fq.gz,s3://human-pangenomics/submissions/28c7b12d-1f66-43dd-ac7e-f7d9893d1b7d--R3_ONT_hifiasm_hybrid_corrected/HG02630_r10-hifiasm-correct.ec.ont.fq.gz,,,,
HG02642,HG02642_r10-hifiasm-correct.ec.ont.fq.gz,fq.gz,s3://human-pangenomics/submissions/28c7b12d-1f66-43dd-ac7e-f7d9893d1b7d--R3_ONT_hifiasm_hybrid_corrected/HG02642_r10-hifiasm-correct.ec.ont.fq.gz,,,,
HG02647,HG02647_r10-hifiasm-correct.ec.ont.fq.gz,fq.gz,s3://human-pangenomics/submissions/28c7b12d-1f66-43dd-ac7e-f7d9893d1b7d--R3_ONT_hifiasm_hybrid_corrected/HG02647_r10-hifiasm-correct.ec.ont.fq.gz,,,,
HG02661,HG02661_r10-hifiasm-correct.ec.ont.fq.gz,fq.gz,s3://human-pangenomics/submissions/28c7b12d-1f66-43dd-ac7e-f7d9893d1b7d--R3_ONT_hifiasm_hybrid_corrected/HG02661_r10-hifiasm-correct.ec.ont.fq.gz,,,,
HG02668,HG02668_r10-hifiasm-correct.ec.ont.fq.gz,fq.gz,s3://human-pangenomics/submissions/28c7b12d-1f66-43dd-ac7e-f7d9893d1b7d--R3_ONT_hifiasm_hybrid_corrected/HG02668_r10-hifiasm-correct.ec.ont.fq.gz,1943840,151259159055,151.259,122756
HG02676,HG02676_r10-hifiasm-correct.ec.ont.fq.gz,fq.gz,s3://human-pangenomics/submissions/28c7b12d-1f66-43dd-ac7e-f7d9893d1b7d--R3_ONT_hifiasm_hybrid_corrected/HG02676_r10-hifiasm-correct.ec.ont.fq.gz,,,,
HG02683,HG02683_r10-hifiasm-correct.ec.ont.fq.gz,fq.gz,s3://human-pangenomics/submissions/28c7b12d-1f66-43dd-ac7e-f7d9893d1b7d--R3_ONT_hifiasm_hybrid_corrected/HG02683_r10-hifiasm-correct.ec.ont.fq.gz,,,,
HG02717,HG02717_r10-hifiasm-correct.ec.ont.fq.gz,fq.gz,s3://human-pangenomics/submissions/28c7b12d-1f66-43dd-ac7e-f7d9893d1b7d--R3_ONT_hifiasm_hybrid_corrected/HG02717_r10-hifiasm-correct.ec.ont.fq.gz,,,,
HG02735,HG02735_r10-hifiasm-correct.ec.ont.fq.gz,fq.gz,s3://human-pangenomics/submissions/28c7b12d-1f66-43dd-ac7e-f7d9893d1b7d--R3_ONT_hifiasm_hybrid_corrected/HG02735_r10-hifiasm-correct.ec.ont.fq.gz,,,,
HG02738,HG02738_r10-hifiasm-correct.ec.ont.fq.gz,fq.gz,s3://human-pangenomics/submissions/28c7b12d-1f66-43dd-ac7e-f7d9893d1b7d--R3_ONT_hifiasm_hybrid_corrected/HG02738_r10-hifiasm-correct.ec.ont.fq.gz,,,,
HG02809,HG02809_r10-hifiasm-correct.ec.ont.fq.gz,fq.gz,s3://human-pangenomics/submissions/28c7b12d-1f66-43dd-ac7e-f7d9893d1b7d--R3_ONT_hifiasm_hybrid_corrected/HG02809_r10-hifiasm-correct.ec.ont.fq.gz,2720631,167881530028,167.882,98761
HG02841,HG02841_r10-hifiasm-correct.ec.ont.fq.gz,fq.gz,s3://human-pangenomics/submissions/28c7b12d-1f66-43dd-ac7e-f7d9893d1b7d--R3_ONT_hifiasm_hybrid_corrected/HG02841_r10-hifiasm-correct.ec.ont.fq.gz,,,,
HG02886,HG02886_r10-hifiasm-correct.ec.ont.fq.gz,fq.gz,s3://human-pangenomics/submissions/28c7b12d-1f66-43dd-ac7e-f7d9893d1b7d--R3_ONT_hifiasm_hybrid_corrected/HG02886_r10-hifiasm-correct.ec.ont.fq.gz,2303704,196241792257,196.242,135996
HG02965,HG02965_r10-hifiasm-correct.ec.ont.fq.gz,fq.gz,s3://human-pangenomics/submissions/28c7b12d-1f66-43dd-ac7e-f7d9893d1b7d--R3_ONT_hifiasm_hybrid_corrected/HG02965_r10-hifiasm-correct.ec.ont.fq.gz,2358866,197794318899,197.794,140150
HG02976,HG02976_r10-hifiasm-correct.ec.ont.fq.gz,fq.gz,s3://human-pangenomics/submissions/28c7b12d-1f66-43dd-ac7e-f7d9893d1b7d--R3_ONT_hifiasm_hybrid_corrected/HG02976_r10-hifiasm-correct.ec.ont.fq.gz,2710960,168399407864,168.399,98382
HG02984,HG02984_r10-hifiasm-correct.ec.ont.fq.gz,fq.gz,s3://human-pangenomics/submissions/28c7b12d-1f66-43dd-ac7e-f7d9893d1b7d--R3_ONT_hifiasm_hybrid_corrected/HG02984_r10-hifiasm-correct.ec.ont.fq.gz,,,,
HG03041,HG03041_r10-hifiasm-correct.ec.ont.fq.gz,fq.gz,s3://human-pangenomics/submissions/28c7b12d-1f66-43dd-ac7e-f7d9893d1b7d--R3_ONT_hifiasm_hybrid_corrected/HG03041_r10-hifiasm-correct.ec.ont.fq.gz,2861382,178202128714,178.202,93813
HG03050,HG03050_r10-hifiasm-correct.ec.ont.fq.gz,fq.gz,s3://human-pangenomics/submissions/28c7b12d-1f66-43dd-ac7e-f7d9893d1b7d--R3_ONT_hifiasm_hybrid_corrected/HG03050_r10-hifiasm-correct.ec.ont.fq.gz,2418214,163027084606,163.027,102297
HG03052,HG03052_r10-hifiasm-correct.ec.ont.fq.gz,fq.gz,s3://human-pangenomics/submissions/28c7b12d-1f66-43dd-ac7e-f7d9893d1b7d--R3_ONT_hifiasm_hybrid_corrected/HG03052_r10-hifiasm-correct.ec.ont.fq.gz,,,,
HG03072,HG03072_r10-hifiasm-correct.ec.ont.fq.gz,fq.gz,s3://human-pangenomics/submissions/28c7b12d-1f66-43dd-ac7e-f7d9893d1b7d--R3_ONT_hifiasm_hybrid_corrected/HG03072_r10-hifiasm-correct.ec.ont.fq.gz,2127175,172672025130,172.672,127122
HG03103,HG03103_r10-hifiasm-correct.ec.ont.fq.gz,fq.gz,s3://human-pangenomics/submissions/28c7b12d-1f66-43dd-ac7e-f7d9893d1b7d--R3_ONT_hifiasm_hybrid_corrected/HG03103_r10-hifiasm-correct.ec.ont.fq.gz,2166965,155478979674,155.479,106379
HG03108,HG03108_r10-hifiasm-correct.ec.ont.fq.gz,fq.gz,s3://human-pangenomics/submissions/28c7b12d-1f66-43dd-ac7e-f7d9893d1b7d--R3_ONT_hifiasm_hybrid_corrected/HG03108_r10-hifiasm-correct.ec.ont.fq.gz,3033872,188028746125,188.029,91838
HG03130,HG03130_r10-hifiasm-correct.ec.ont.fq.gz,fq.gz,s3://human-pangenomics/submissions/28c7b12d-1f66-43dd-ac7e-f7d9893d1b7d--R3_ONT_hifiasm_hybrid_corrected/HG03130_r10-hifiasm-correct.ec.ont.fq.gz,1906644,172145526825,172.146,146101
HG03136,HG03136_r10-hifiasm-correct.ec.ont.fq.gz,fq.gz,s3://human-pangenomics/submissions/28c7b12d-1f66-43dd-ac7e-f7d9893d1b7d--R3_ONT_hifiasm_hybrid_corrected/HG03136_r10-hifiasm-correct.ec.ont.fq.gz,4328399,232663863657,232.664,78215
HG03193,HG03193_r10-hifiasm-correct.ec.ont.fq.gz,fq.gz,s3://human-pangenomics/submissions/28c7b12d-1f66-43dd-ac7e-f7d9893d1b7d--R3_ONT_hifiasm_hybrid_corrected/HG03193_r10-hifiasm-correct.ec.ont.fq.gz,3474452,205698343931,205.698,90002
HG03195,HG03195_r10-hifiasm-correct.ec.ont.fq.gz,fq.gz,s3://human-pangenomics/submissions/28c7b12d-1f66-43dd-ac7e-f7d9893d1b7d--R3_ONT_hifiasm_hybrid_corrected/HG03195_r10-hifiasm-correct.ec.ont.fq.gz,2743392,171653805963,171.654,95750
HG03198,HG03198_r10-hifiasm-correct.ec.ont.fq.gz,fq.gz,s3://human-pangenomics/submissions/28c7b12d-1f66-43dd-ac7e-f7d9893d1b7d--R3_ONT_hifiasm_hybrid_corrected/HG03198_r10-hifiasm-correct.ec.ont.fq.gz,1929964,142844846496,142.845,117599
HG03209,HG03209_r10-hifiasm-correct.ec.ont.fq.gz,fq.gz,s3://human-pangenomics/submissions/28c7b12d-1f66-43dd-ac7e-f7d9893d1b7d--R3_ONT_hifiasm_hybrid_corrected/HG03209_r10-hifiasm-correct.ec.ont.fq.gz,2912093,184727668813,184.728,96670
HG03225,HG03225_r10-hifiasm-correct.ec.ont.fq.gz,fq.gz,s3://human-pangenomics/submissions/28c7b12d-1f66-43dd-ac7e-f7d9893d1b7d--R3_ONT_hifiasm_hybrid_corrected/HG03225_r10-hifiasm-correct.ec.ont.fq.gz,,,,
HG03239,HG03239_r10-hifiasm-correct.ec.ont.fq.gz,fq.gz,s3://human-pangenomics/submissions/28c7b12d-1f66-43dd-ac7e-f7d9893d1b7d--R3_ONT_hifiasm_hybrid_corrected/HG03239_r10-hifiasm-correct.ec.ont.fq.gz,3021223,220846958585,220.847,110097
HG03258,HG03258_r10-hifiasm-correct.ec.ont.fq.gz,fq.gz,s3://human-pangenomics/submissions/28c7b12d-1f66-43dd-ac7e-f7d9893d1b7d--R3_ONT_hifiasm_hybrid_corrected/HG03258_r10-hifiasm-correct.ec.ont.fq.gz,,,,
HG03270,HG03270_r10-hifiasm-correct.ec.ont.fq.gz,fq.gz,s3://human-pangenomics/submissions/28c7b12d-1f66-43dd-ac7e-f7d9893d1b7d--R3_ONT_hifiasm_hybrid_corrected/HG03270_r10-hifiasm-correct.ec.ont.fq.gz,,,,
HG03271,HG03271_r10-hifiasm-correct.ec.ont.fq.gz,fq.gz,s3://human-pangenomics/submissions/28c7b12d-1f66-43dd-ac7e-f7d9893d1b7d--R3_ONT_hifiasm_hybrid_corrected/HG03271_r10-hifiasm-correct.ec.ont.fq.gz,,,,
HG03343,HG03343_r10-hifiasm-correct.ec.ont.fq.gz,fq.gz,s3://human-pangenomics/submissions/28c7b12d-1f66-43dd-ac7e-f7d9893d1b7d--R3_ONT_hifiasm_hybrid_corrected/HG03343_r10-hifiasm-correct.ec.ont.fq.gz,,,,
HG03366,HG03366_r10-hifiasm-correct.ec.ont.fq.gz,fq.gz,s3://human-pangenomics/submissions/28c7b12d-1f66-43dd-ac7e-f7d9893d1b7d--R3_ONT_hifiasm_hybrid_corrected/HG03366_r10-hifiasm-correct.ec.ont.fq.gz,,,,
HG03369,HG03369_r10-hifiasm-correct.ec.ont.fq.gz,fq.gz,s3://human-pangenomics/submissions/28c7b12d-1f66-43dd-ac7e-f7d9893d1b7d--R3_ONT_hifiasm_hybrid_corrected/HG03369_r10-hifiasm-correct.ec.ont.fq.gz,,,,
HG03388,HG03388_r10-hifiasm-correct.ec.ont.fq.gz,fq.gz,s3://human-pangenomics/submissions/28c7b12d-1f66-43dd-ac7e-f7d9893d1b7d--R3_ONT_hifiasm_hybrid_corrected/HG03388_r10-hifiasm-correct.ec.ont.fq.gz,,,,
HG03432,HG03432_r10-hifiasm-correct.ec.ont.fq.gz,fq.gz,s3://human-pangenomics/submissions/28c7b12d-1f66-43dd-ac7e-f7d9893d1b7d--R3_ONT_hifiasm_hybrid_corrected/HG03432_r10-hifiasm-correct.ec.ont.fq.gz,,,,
HG03445,HG03445_r10-hifiasm-correct.ec.ont.fq.gz,fq.gz,s3://human-pangenomics/submissions/28c7b12d-1f66-43dd-ac7e-f7d9893d1b7d--R3_ONT_hifiasm_hybrid_corrected/HG03445_r10-hifiasm-correct.ec.ont.fq.gz,,,,
HG03453,HG03453_r10-hifiasm-correct.ec.ont.fq.gz,fq.gz,s3://human-pangenomics/submissions/28c7b12d-1f66-43dd-ac7e-f7d9893d1b7d--R3_ONT_hifiasm_hybrid_corrected/HG03453_r10-hifiasm-correct.ec.ont.fq.gz,,,,
